{"weight_cuts": {"0p8To1p2": [[0, 0.8], [0.8, 1.2], [1.2, 3]], "0p1To1p9": [[0, 0.1], [0.1, 1.9], [1.9, 3]], "symmetric": [[0, 0.9434649634361267], [0.9434649634361267, 1.053796535730362], [1.053796535730362, 3]], "quantile0p33": [[0, 0.9368290901184082], [0.9368290901184082, 1.0470239718755086], [1.0470239718755086, 3]], "4j_symmetric": [[0, 0.9423040688037873], [0.9423040688037873, 1.063301703929901], [1.063301703929901, 3]], "4j_quantile0p33": [[0, 0.952834943930308], [0.952834943930308, 1.0750232934951782], [1.0750232934951782, 3]], "5j_symmetric": [[0, 0.9373696196079254], [0.9373696196079254, 1.0552280974388122], [1.0552280974388122, 3]], "5j_quantile0p33": [[0, 0.9287223219871521], [0.9287223219871521, 1.0483519236246746], [1.0483519236246746, 3]], "6j_symmetric": [[0, 0.9447075510025025], [0.9447075510025025, 1.0504609870910644], [1.0504609870910644, 3]], "6j_quantile0p33": [[0, 0.935271422068278], [0.935271422068278, 1.0401718219121296], [1.0401718219121296, 3]], ">=7j_symmetric": [[0, 0.9484915715456009], [0.9484915715456009, 1.051479504108429], [1.051479504108429, 3]], ">=7j_quantile0p33": [[0, 0.9400306344032288], [0.9400306344032288, 1.042138695716858], [1.042138695716858, 3]]}, "central_percentile": 0.33}