{"njet=4": [[0, 0.9857325553894043], [0.9857325553894043, 1.0571959018707275], [1.0571959018707275, 3]], "njet=5": [[0, 0.9987332820892334], [0.9987332820892334, 1.0532279411951702], [1.0532279411951702, 3]], "njet=6": [[0, 1.0171798467636108], [1.0171798467636108, 1.0740120808283489], [1.0740120808283489, 3]], "njet>=6": [[0, 1.0141744216283162], [1.0141744216283162, 1.083821455637614], [1.083821455637614, 3]], "njet>=7": [[0, 1.0084627072016399], [1.0084627072016399, 1.0961621999740598], [1.0961621999740598, 3]]}