{"njet=4": [[0, 1.005998134613037], [1.005998134613037, 1.0372376441955566], [1.0372376441955566, 3]], "njet=5": [[0, 0.9859388868014017], [0.9859388868014017, 1.0171554883321126], [1.0171554883321126, 3]], "njet=6": [[0, 0.9767680366834005], [0.9767680366834005, 1.0168344577153523], [1.0168344577153523, 3]], "njet>=6": [[0, 0.9808544317881266], [0.9808544317881266, 1.0223603248596191], [1.0223603248596191, 3]], "njet>=7": [[0, 0.9861371119817098], [0.9861371119817098, 1.028052846590678], [1.028052846590678, 3]]}