{"weight_cuts": {"0p8To1p2": [[0, 0.8], [0.8, 1.2], [1.2, 3]], "0p1To1p9": [[0, 0.1], [0.1, 1.9], [1.9, 3]], "symmetric": [[0, 0.9391671133041382], [0.9391671133041382, 1.056041955947876], [1.056041955947876, 3]], "quantile0p33": [[0, 0.9348039825757345], [0.9348039825757345, 1.0533220767974854], [1.0533220767974854, 3]]}, "central_percentile": 0.33}