{"weight_cuts": {"0p8To1p2": [[0, 0.8], [0.8, 1.2], [1.2, 3]], "0p1To1p9": [[0, 0.1], [0.1, 1.9], [1.9, 3]], "symmetric": [[0, 0.9752066612243653], [0.9752066612243653, 1.044008836746216], [1.044008836746216, 3]], "quantile0p33": [[0, 1.0047925313313801], [1.0047925313313801, 1.070998191833496], [1.070998191833496, 3]], "4j_symmetric": [[0, 0.9713955569267273], [0.9713955569267273, 1.0425609350204468], [1.0425609350204468, 3]], "4j_quantile0p33": [[0, 0.9857325553894043], [0.9857325553894043, 1.0571959018707275], [1.0571959018707275, 3]], "5j_symmetric": [[0, 0.979236661195755], [0.979236661195755, 1.0338776111602783], [1.0338776111602783, 3]], "5j_quantile0p33": [[0, 0.9987332820892334], [0.9987332820892334, 1.0532279411951702], [1.0532279411951702, 3]], "6j_symmetric": [[0, 0.9817039847373962], [0.9817039847373962, 1.042922213077545], [1.042922213077545, 3]], "6j_quantile0p33": [[0, 1.0171798467636108], [1.0171798467636108, 1.0740120808283489], [1.0740120808283489, 3]], ">=7j_symmetric": [[0, 0.9600565600395202], [0.9600565600395202, 1.063780927658081], [1.063780927658081, 3]], ">=7j_quantile0p33": [[0, 1.0084627072016399], [1.0084627072016399, 1.0961621999740598], [1.0961621999740598, 3]]}, "central_percentile": 0.33}