{"weight_cuts": {"0p8To1p2": [[0, 0.8], [0.8, 1.2], [1.2, 3]], "0p1To1p9": [[0, 0.1], [0.1, 1.9], [1.9, 3]], "symmetric": [[0, 0.9831337571144104], [0.9831337571144104, 1.0190235412120818], [1.0190235412120818, 3]], "quantile0p33": [[0, 0.9864042202631632], [0.9864042202631632, 1.0226387580235798], [1.0226387580235798, 3]], "4j_symmetric": [[0, 0.9914266550540924], [0.9914266550540924, 1.0193951845169067], [1.0193951845169067, 3]], "4j_quantile0p33": [[0, 1.005998134613037], [1.005998134613037, 1.0372376441955566], [1.0372376441955566, 3]], "5j_symmetric": [[0, 0.9854175114631653], [0.9854175114631653, 1.01617662191391], [1.01617662191391, 3]], "5j_quantile0p33": [[0, 0.9859388868014017], [0.9859388868014017, 1.0171554883321126], [1.0171554883321126, 3]], "6j_symmetric": [[0, 0.9791275453567505], [0.9791275453567505, 1.018729305267334], [1.018729305267334, 3]], "6j_quantile0p33": [[0, 0.9767680366834005], [0.9767680366834005, 1.0168344577153523], [1.0168344577153523, 3]], ">=7j_symmetric": [[0, 0.9796824812889099], [0.9796824812889099, 1.0226625907421112], [1.0226625907421112, 3]], ">=7j_quantile0p33": [[0, 0.9861371119817098], [0.9861371119817098, 1.028052846590678], [1.028052846590678, 3]]}, "central_percentile": 0.33}