{"njet=4": [[0, 0.952834943930308], [0.952834943930308, 1.0750232934951782], [1.0750232934951782, 3]], "njet=5": [[0, 0.9287223219871521], [0.9287223219871521, 1.0483519236246746], [1.0483519236246746, 3]], "njet=6": [[0, 0.935271422068278], [0.935271422068278, 1.0401718219121296], [1.0401718219121296, 3]], "njet>=6": [[0, 0.9377081394195557], [0.9377081394195557, 1.0410137176513672], [1.0410137176513672, 3]], "njet>=7": [[0, 0.9400306344032288], [0.9400306344032288, 1.042138695716858], [1.042138695716858, 3]]}