{"njet=4": [[0, 0.9600199460983276], [0.9600199460983276, 1.0620121955871582], [1.0620121955871582, 3]], "njet=5": [[0, 0.9481764038403829], [0.9481764038403829, 1.0581762393315632], [1.0581762393315632, 3]], "njet=6": [[0, 0.9228391647338867], [0.9228391647338867, 1.052244742711385], [1.052244742711385, 3]], "njet>=6": [[0, 0.8839684724807739], [0.8839684724807739, 1.0387316942214966], [1.0387316942214966, 3]], "njet>=7": [[0, 0.7888556122779846], [0.7888556122779846, 1.0148024559020996], [1.0148024559020996, 3]]}